Peptide,Charge,TriggerMZ,TargetMZ,MS1TriggerIntensity,MS2RetentionTime,MS2ScanNumber,MS3ScanNumber,MS2InjectionTime,MS3InjectionTime,MS3SPSIons,MS3SumSN,MS3IS,MS3Quant1,MS3Quant2,MS3Quant3,MS3Quant4,MS3Quant5,MS3Quant6, MS3Quant7, MS3Quant8, MS3Quant9, MS3Quant10
HVLTSIGEK#,3,487.978104835019,483.968878168352,8.54,27.51,7041,7042,21.4,107,7,1151.48,0.53,257.5,154.2,83.3,42.9,11.3,0,37.3,66.3,137.8,360.9,0
HVLTSIGEK#,3,487.978104835019,483.968878168352,8.51,27.52,7045,7046,24.2,121,7,1205.6,0.54,283.6,171.8,90.6,39.4,9.8,0,34.2,74.8,135.1,366.5,0
HVLTSIGEK#,3,487.978104835019,483.968878168352,8.5,27.49,7037,7038,21.8,109.1,7,1284.93,0.53,303,185.2,93.6,45.9,10.1,0,43.3,71.3,155.6,376.9,0
HVLTSIGEK#,3,487.978104835019,483.968878168352,8.44,27.48,7033,7034,21.5,107.4,7,1280.64,0.52,289.3,181,102.2,56.7,13.8,2.6,35.7,78,129.3,392.1,0
HVLTSIGEK#,3,487.978104835019,483.968878168352,8.42,27.53,7049,7050,26.6,133,7,1190.46,0.53,263.7,170.5,90,39,9.4,0,41.2,64.1,146,366.5,0
HVLTSIGEK#,3,487.978104835019,483.968878168352,8.35,27.55,7053,7054,21.9,109.6,7,970.04,0.55,218.7,142.4,71.5,30.2,7.7,2.3,25.4,49,123.3,299.5,0
HVLTSIGEK#,3,487.978104835019,483.968878168352,8.29,27.56,7057,7058,28.5,142.6,7,875.21,0.53,200.7,124.5,66.2,36.2,8.8,2.7,25.2,47.5,98.2,265.1,0
HVLTSIGEK#,3,487.978104835019,483.968878168352,8.26,27.57,7061,7062,29.8,149.2,7,624.14,0.54,134,79.1,50.8,24.1,8.8,0,16.5,30.8,78.4,201.5,0
HVLTSIGEK#,3,487.978104835019,483.968878168352,8.24,27.47,7029,7030,24.3,121.3,7,1252.8,0.52,293.5,177.6,94.1,48.3,23.9,4.5,36.2,74.5,148.3,352,0
HVLTSIGEK#,3,487.978104835019,483.968878168352,8.01,27.59,7065,7066,56.4,282,7,553.18,0.51,111.6,78.5,56.8,30.9,16.4,0,13.6,26.7,61.2,157.6,0
HVLTSIGEK#,3,487.978104835019,483.968878168352,7.96,27.45,7025,7026,40.7,203.3,7,1372.83,0.52,313.4,207.8,99.6,57.5,27.1,4,39.3,74.9,162.3,386.8,0
HVLTSIGEK#,3,487.978104835019,483.968878168352,7.94,23.65,5948,5949,175.7,878.3,1,13.99,0.35,3.2,2.4,5.5,2.8,0,0,0,0,0,0,0
HVLTSIGEK#,3,487.978104835019,483.968878168352,7.93,23.68,5952,,248.1,,,,0,,,,,,,,,,,
HVLTSIGEK#,3,487.978104835019,483.968878168352,7.79,27.44,7021,7022,34.1,170.7,7,823.29,0.51,202.2,116.6,68.3,38.7,17.2,2.8,22.2,47.6,88,219.9,0
HVLTSIGEK#,3,487.978104835019,483.968878168352,7.67,23.69,5955,,190.5,,,,0,,,,,,,,,,,
HVLTSIGEK#,3,487.978104835019,483.968878168352,7.66,27.6,7069,7070,80.2,401.1,7,389.55,0.43,86.1,61.7,52.3,29.1,14.1,2.3,7.3,15.1,35.4,86.2,0
HVLTSIGEK#,3,487.978104835019,483.968878168352,7.43,23.7,5958,,246.6,,,,0,,,,,,,,,,,
HVLTSIGEK#,3,487.978104835019,483.968878168352,7.43,23.62,5944,5945,159.5,797.7,1,22.61,0.32,0,4.7,9.1,5.1,3.7,0,0,0,0,0,0
HVLTSIGEK#,3,487.978104835019,483.968878168352,7.26,23.59,5940,5941,209.9,1049.5,1,28.75,0.17,4.7,4.1,8.8,8.2,2.9,0,0,0,0,0,0
DIPVPKPK#,3,536.368180857545,530.354340857545,9.58,30,7614,7615,43.5,217.6,10,6676.61,0.78,1555.1,895.2,531.6,241.3,0,17.7,196.9,498.9,855.1,1884.9,0
DIPVPKPK#,3,536.368180857545,530.354340857545,9.56,29.97,7606,7607,35.5,177.4,10,7378.73,0.78,1803,999.3,586.9,259.1,0,12.4,225.8,540.7,935.3,2016.3,0
DIPVPKPK#,3,536.368180857545,530.354340857545,9.54,29.99,7610,7611,38.6,192.8,10,7409.69,0.78,1768.2,984.6,587.7,253.1,24.5,17.9,208.4,540.6,951.8,2072.9,0
DIPVPKPK#,3,536.368180857545,530.354340857545,9.53,30.02,7618,7619,49.7,248.3,10,7048.59,0.78,1616.8,902.7,536.8,253.4,22.5,14.6,201.2,527.1,915,2058.4,0
DIPVPKPK#,3,536.368180857545,530.354340857545,9.5,29.96,7602,7603,48.4,242,10,7171.21,0.77,1726.7,996,579.3,267.6,0,13.1,204.8,501.7,897.9,1984.1,0
DIPVPKPK#,3,536.368180857545,530.354340857545,9.47,30.03,7622,7623,37.9,189.7,10,6878.66,0.77,1537.3,916.6,508.1,255.9,0,15.9,191,521.6,911.8,2020.6,0
DIPVPKPK#,3,536.368180857545,530.354340857545,9.45,30.05,7626,7627,45.1,225.6,10,6980.57,0.78,1599.7,899.4,498.7,254.1,0,14.2,193.3,531.5,910,2079.7,0
DIPVPKPK#,3,536.368180857545,530.354340857545,9.36,30.06,7630,7631,47.4,237,10,7056.48,0.77,1605.1,932,530.4,265.3,0,15.7,202.7,485.7,930,2089.7,0
DIPVPKPK#,3,536.368180857545,530.354340857545,9.34,30.08,7634,7635,38.8,193.8,10,5875.16,0.76,1318.3,757,452.9,228,36.2,11.3,159.7,423.1,740,1748.8,0
DIPVPKPK#,3,536.368180857545,530.354340857545,9.27,29.94,7598,7599,65.2,325.8,10,6826.21,0.77,1650.8,908.8,551.4,246.5,28.3,16.2,220,515,845.6,1843.6,0
DIPVPKPK#,3,536.368180857545,530.354340857545,9.1,30.1,7639,7640,55.1,275.7,10,6002.15,0.73,1346.9,788.4,443,229.4,40.5,11.1,154.9,434.2,768.8,1785.1,0
DIPVPKPK#,3,536.368180857545,530.354340857545,8.97,30.11,7643,7644,101.8,508.9,10,5475.1,0.68,1181.1,707.7,442.4,236.5,60.5,13.8,153.1,382.7,709.2,1588,0
DIPVPKPK#,3,536.368180857545,530.354340857545,8.68,29.92,7593,7594,68.9,344.6,10,6581.23,0.77,1659.8,875,557.4,226.4,25.5,16.3,192.6,495.7,804.2,1728.5,0
DIPVPKPK#,3,536.368180857545,530.354340857545,8.66,30.13,7647,7648,158.5,792.4,10,3464.39,0.5,713.3,435.9,346.1,217.4,98.3,15.7,86.4,215.9,417.6,917.8,0
DIPVPKPK#,3,536.368180857545,530.354340857545,8.59,29.89,7588,7589,146.7,733.7,10,7360.21,0.75,1822.5,991.2,600.2,295.9,41.3,17.7,223.4,530.6,919.4,1918,0
DIPVPKPK#,3,536.368180857545,530.354340857545,7.82,30.69,7740,7741,233.7,1168.6,9,630.87,0.15,135,93.4,87.7,61.5,25,3.6,12.4,33,54.7,124.4,0
DIPVPKPK#,3,536.368180857545,530.354340857545,7.15,30.73,7747,7748,18.7,93.3,3,78.73,0.67,17.4,15.9,11.4,7.4,3.9,0,0,3.4,5.7,13.6,0
DIPVPKPK#,3,536.368180857545,530.354340857545,7.1,30.74,7751,7752,69.3,346.7,6,282.73,0.04,50.3,48.1,56.3,46.9,32.5,2.2,3.3,7.4,10.9,24.8,0
DIPVPKPK#,3,536.368180857545,530.354340857545,7.04,30.76,7756,7758,16.6,83,2,24.1,0.64,3.5,7.5,5.8,4.4,2.9,0,0,0,0,0,0
GISNEGQNASIK#,3,565.998116187439,561.988889520772,9.15,24.82,6273,6274,95.7,478.5,10,5922.42,0.59,1217.3,862.8,419.8,209.9,26.1,11.7,185.5,383.1,686.4,1919.9,0
GISNEGQNASIK#,3,565.998116187439,561.988889520772,9.11,24.85,6277,6278,189.2,946,10,7485.93,0.6,1491.2,1074.2,544.4,289.4,5.1,12.4,220.9,491.1,880.5,2476.8,0
GISNEGQNASIK#,3,565.998116187439,561.988889520772,9.04,24.88,6281,6282,131.1,655.3,10,5441.56,0.56,1036,799.7,416.8,219.9,39.5,9,145.4,351.9,625.5,1797.8,0
GISNEGQNASIK#,3,565.998116187439,561.988889520772,8.89,24.8,6269,6270,95.3,476.5,10,5550.06,0.59,1165.4,812.3,380.4,194.2,0,11.2,164.1,363,657.3,1802.3,0
GISNEGQNASIK#,3,565.998116187439,561.988889520772,8.88,24.9,6285,6286,159.8,799.1,10,4483.87,0.49,871.1,639.1,380.2,232.5,76.4,12.4,128.7,259.5,476.7,1407.3,0
GISNEGQNASIK#,3,565.998116187439,561.988889520772,8.67,24.93,6289,6290,184.3,921.6,10,3075.76,0.34,550.4,452.3,362.6,244.5,118.4,11.9,74.6,149.8,299.6,811.7,0
GISNEGQNASIK#,3,565.998116187439,561.988889520772,8.26,24.77,6265,6266,191,955,10,7592.65,0.59,1594.5,1088.9,563,272,0,16.8,232.8,484.7,867,2473,0
GISNEGQNASIK#,3,565.998116187439,561.988889520772,8.15,24.96,6293,6294,276.6,1382.9,10,1178.06,0.2,194.5,180.1,224,151.5,98.9,13.1,20.7,34.7,76.5,184.1,0
GISNEGQNASIK#,3,565.998116187439,561.988889520772,8.02,24.74,6261,6262,184.6,922.9,10,5472.93,0.53,1148.6,787.9,454.8,236.2,65.4,18.2,169.1,338.7,596,1658,0
GISNEGQNASIK#,3,565.998116187439,561.988889520772,7.45,25,6297,6298,212.4,1062,9,438.92,0.13,65.7,77.5,102.1,67.7,61.9,7.6,5.1,5.5,18.1,27.6,0
GISNEGQNASIK#,3,565.998116187439,561.988889520772,6.94,25.42,6392,6393,349.4,1747,7,790.01,0.1,133.4,137.7,163.1,134,81.5,8,12.5,17,26.4,76.3,0
GISNEGQNASIK#,3,565.998116187439,561.988889520772,6.73,25.47,6399,6400,310.7,1553.5,4,362.89,0.04,45.2,46.7,64.4,60.5,39.2,1.8,6.8,11.2,15,72,0
GISNEGQNASIK#,3,565.998116187439,561.988889520772,6.72,25.37,6388,6389,381.3,1906.5,8,1414.99,0.15,260.8,239.2,226.6,177.5,96.6,7.5,35.8,64.1,85.5,221.3,0
GISNEGQNASIK#,3,565.998116187439,561.988889520772,6.63,25.54,6410,6411,468.9,2344.3,7,900.57,0.17,138.2,143,171.4,126.1,95.4,13.5,19.7,26.8,42.9,123.7,0
GISNEGQNASIK#,3,565.998116187439,561.988889520772,6.51,24.68,6256,6257,425.3,2126.5,9,2217.46,0.06,450.5,336.8,267.6,188.5,105.2,19.4,63.4,110.7,193.4,481.9,0
GISNEGQNASIK#,3,565.998116187439,561.988889520772,6.21,25.32,6381,6382,293.1,1465.3,5,859.47,0.03,142,150.3,168.2,139.3,87.7,6.9,12.9,20.8,37,94.3,0
GISNEGQNASIK#,3,565.998116187439,561.988889520772,6.15,25.6,6415,6416,628.9,2500,9,790.92,0.18,116.1,146,173.3,127.2,85.6,6.9,10.4,18.9,33.9,72.5,0
ELASGLSFPVGFK#,3,610.702640587525,606.693413920859,9.35,40.33,10404,10405,100.4,502.1,10,3440.53,0.92,818,456.6,285.8,118.1,11.6,7.3,86.6,262.8,417.8,976,0
ELASGLSFPVGFK#,3,610.702640587525,606.693413920859,9.26,40.3,10400,10401,94.1,470.4,10,3559.23,0.91,838.4,448.3,278.7,125,11.1,8.1,95.6,273.2,442.3,1038.7,0
ELASGLSFPVGFK#,3,610.702640587525,606.693413920859,9.25,40.35,10408,10409,158,789.8,10,4002.34,0.9,952.5,522.9,311.6,160,17.6,9,104.6,294.8,497.6,1131.7,0
ELASGLSFPVGFK#,3,610.702640587525,606.693413920859,9.19,40.37,10412,10413,185.4,926.8,10,4337.58,0.9,1001.9,570.9,347.4,174.3,29.6,9.6,126.5,309.8,524.3,1243.4,0
ELASGLSFPVGFK#,3,610.702640587525,606.693413920859,8.99,40.4,10416,10417,520.6,2500,10,2618.31,0.78,612.2,365,317.1,242.3,135.8,7.9,52.7,134.9,227.7,522.6,0
ELASGLSFPVGFK#,3,610.702640587525,606.693413920859,8.55,40.46,10420,10421,890.6,2500,10,1577.75,0.05,289.5,241.8,353.5,322.4,249.3,49.3,37.1,7.5,10.6,16.7,0
ELASGLSFPVGFK#,3,610.702640587525,606.693413920859,8.46,40.28,10396,10397,143,715.2,10,4622.72,0.9,1115.2,561.9,369.9,176.4,0,8.3,127.5,348.9,570.1,1344.5,0
ELASGLSFPVGFK#,3,610.702640587525,606.693413920859,8.1,40.24,10392,10393,289.7,1448.7,10,4492.51,0.82,1088.9,573.4,366,163.6,22.7,12.5,132.2,327.4,564.8,1241.1,0
ELASGLSFPVGFK#,3,610.702640587525,606.693413920859,7.04,40.53,10424,10425,468.9,2344.4,8,1362.06,0.05,232.2,173.1,298.3,265.3,210.6,59.6,35.6,11,11.9,64.6,0
SSAAPPPPPR$,2,611.356686131567,608.349766131567,8.16,19.61,4815,4816,900,2500,7,2497.86,0.62,302.4,324.3,116.7,80,11.1,0,51.1,92.4,167.6,1352.3,0
SSAAPPPPPR$,2,611.356686131567,608.349766131567,7.85,19.68,4819,4820,900,2500,7,1124.12,0.65,139.8,150,60.6,35.8,6.3,0,16.4,39,78.1,598.1,0
SSAAPPPPPR$,2,611.356686131567,608.349766131567,7.74,19.55,4811,4812,900,2500,7,2880.01,0.62,358.8,379,120.4,84.3,16.4,0,63,123.8,205.1,1529.1,0
SSAAPPPPPR$,2,611.356686131567,608.349766131567,7.38,19.75,4823,4824,900,2500,7,465.58,0.57,52.8,68.6,38.7,29.7,23.4,7.3,13.1,12.9,26.2,192.8,0
SSAAPPPPPR$,2,611.356686131567,608.349766131567,6.97,19.82,4827,4828,900,2500,6,268.47,0.24,30.6,32.3,28.4,29.7,28.7,8.3,9.6,5.1,10.2,85.7,0
SSAAPPPPPR$,2,611.356686131567,608.349766131567,6.36,19.48,4807,4808,900,2500,7,2549.59,0.61,333.9,333,117.6,61.3,6.8,2,50.2,105.6,187.4,1351.9,0
SSAAPPPPPR$,2,611.356686131567,608.349766131567,6.28,19.88,4831,4832,900,2500,5,108.13,0.3,14.6,16.4,14.8,11.2,6.3,0,0,3.3,6.6,35,0
SSAAPPPPPR$,2,611.356686131567,608.349766131567,6.14,21.39,5230,5231,900,2500,4,239.08,0.37,30.2,34.9,32.2,24.6,12.4,0,4,5.7,14.5,80.6,0
SSAAPPPPPR$,2,611.356686131567,608.349766131567,6.13,21.46,5234,5235,900,2500,5,166.18,0.27,23.6,25.7,29.9,19.3,15.7,0,3.8,3.3,5.3,39.7,0
SSAAPPPPPR$,2,611.356686131567,608.349766131567,6.09,19.41,4803,4804,900,2500,7,1845.83,0.53,260,242.6,87.1,53.4,10.3,0,32.6,67.3,128,964.5,0
SSAAPPPPPR$,2,611.356686131567,608.349766131567,5.88,21.53,5238,5239,900,2500,1,30.52,0.13,3,4.1,7.1,6,5.1,0,0,0,2.1,3.2,0
SSAAPPPPPR$,2,611.356686131567,608.349766131567,5.73,20.82,5073,5074,900,2500,4,111.28,0.26,11,16.6,14,11.1,9.8,0,2.9,2.3,4.3,39.3,0
GILFVGSGVSGGEEGAR$,3,613.002351297859,610.997737964525,8.99,35.79,9198,9199,114.5,572.4,10,1771.3,0.68,423,247.9,160.7,97.2,39.8,9.9,51.1,113.3,189,439.5,0
GILFVGSGVSGGEEGAR$,3,613.002351297859,610.997737964525,8.8,35.76,9193,9195,120.9,604.4,10,2165.38,0.64,523,290.9,199.9,110.7,43.1,12,59.2,138.8,244.2,543.6,0
GILFVGSGVSGGEEGAR$,3,613.002351297859,610.997737964525,8.74,35.82,9202,9203,207.1,1035.3,10,1925.91,0.65,445.3,277.9,192.1,105.4,61.8,10.2,42.1,121.8,209.3,460,0
GILFVGSGVSGGEEGAR$,3,613.002351297859,610.997737964525,8.6,35.85,9206,9207,178.3,891.3,10,1023.58,0.56,246.9,137.8,118.9,78.6,42.1,6.7,28.2,48.9,90.4,225.3,0
GILFVGSGVSGGEEGAR$,3,613.002351297859,610.997737964525,8.21,35.88,9211,9213,308.7,1543.5,10,1174.8,0.41,244,179.3,163.8,149.9,94,8.7,22.4,53.6,83.8,175.4,0
GILFVGSGVSGGEEGAR$,3,613.002351297859,610.997737964525,8.13,35.71,9186,9188,142.3,711.3,10,2137.86,0.79,521.2,281.6,205,121.1,60.8,13.9,63.1,136.6,225.1,509.6,0
GILFVGSGVSGGEEGAR$,3,613.002351297859,610.997737964525,7.93,35.93,9218,9220,299.1,1495.3,10,426.36,0.27,85.7,77.3,68,70.2,50.1,8.2,8.2,6.5,17.1,35,0
GILFVGSGVSGGEEGAR$,3,613.002351297859,610.997737964525,7.56,35.66,9179,9181,289.1,1445.3,10,2215.31,0.73,523.6,299.9,223,148.3,85.2,13.5,62.6,135.5,224.7,499,0
GILFVGSGVSGGEEGAR$,3,613.002351297859,610.997737964525,7.42,35.98,9224,9225,236.6,1183.1,5,98.35,0.09,22.5,16.1,16.4,16.1,12.8,0,3.5,0,5,6,0
GILFVGSGVSGGEEGAR$,3,613.002351297859,610.997737964525,7.36,35.62,9172,9174,224.8,1123.9,10,954.75,0.38,213.3,141.2,135.8,101.9,75,8.8,19.9,38.2,75.7,144.8,0
LTILEELR$,2,616.390194596897,613.383274596897,9.57,39.98,10358,10359,62.5,312.4,5,2439.01,0.84,599.2,312,188.7,73.7,5.3,2.7,69.9,161.5,296.3,729.8,0
LTILEELR$,2,616.390194596897,613.383274596897,9.57,40,10362,10363,83.1,415.7,5,2756.72,0.84,651.2,329.2,222.7,87.7,8.5,3.6,71.5,210.9,355.8,815.7,0
LTILEELR$,2,616.390194596897,613.383274596897,9.49,40.02,10366,10367,82.8,414.1,5,2229.83,0.83,549.3,284.9,154.9,77.5,7.1,2,53.3,176.4,267.1,657.3,0
LTILEELR$,2,616.390194596897,613.383274596897,9.3,40.03,10370,10371,114.2,571,5,2101.3,0.8,487.6,269.4,154.2,74.2,10.7,2.3,51.6,151.5,269.4,630.3,0
LTILEELR$,2,616.390194596897,613.383274596897,9.22,39.96,10354,10355,89.6,448.1,5,3444.7,0.84,867.5,414.8,270.5,113.5,8.1,7,88.7,253.8,408.5,1012.3,0
LTILEELR$,2,616.390194596897,613.383274596897,9.07,40.06,10374,10375,146.2,731.1,5,1356.18,0.76,322.1,178.7,109,58.8,14.1,0,38.8,91.6,151.2,392,0
LTILEELR$,2,616.390194596897,613.383274596897,8.74,40.08,10378,10379,291.6,1458.2,5,647.89,0.69,146.4,96,70.5,48.3,23.8,2.8,17.3,38.8,58.8,145.1,0
LTILEELR$,2,616.390194596897,613.383274596897,8.19,40.12,10382,10383,325.9,1629.7,5,242.92,0.3,59.8,42,42.6,34.9,26.8,2.1,2.4,5.2,9.7,17.5,0
LTILEELR$,2,616.390194596897,613.383274596897,7.33,40.17,10387,10388,900,2500,5,335.29,0.06,75.6,58.1,61.5,75.7,39.6,3.4,2.7,3.7,4,11.1,0
LTILEELR$,2,616.390194596897,613.383274596897,6.99,39.93,10350,10351,236.1,1180.6,5,4352.57,0.83,1087.3,549.9,358.8,161.2,13.1,4.2,115.6,319.9,516.3,1226.3,0
LTILEELR$,2,616.390194596897,613.383274596897,6.9,39.86,10345,10346,822,2500,4,3644.79,0.31,920.4,475.5,335.2,154.5,37.9,6.4,89.6,259.5,401.9,963.8,0
TASEFDSAIAQDK#,3,621.008569420082,616.999342753415,8.87,30.51,7724,7725,122.1,610.6,10,2963.52,0.82,737.5,377.2,232.1,116.5,19.6,4.4,88.2,203.3,360.7,824.2,0
TASEFDSAIAQDK#,3,621.008569420082,616.999342753415,8.83,30.48,7720,7721,162.3,811.4,10,5897.01,0.85,1381.4,782.4,441.6,211.1,30.8,12.1,158.7,419.2,732.3,1727.5,0
TASEFDSAIAQDK#,3,621.008569420082,616.999342753415,8.59,30.41,7715,7716,900,2500,10,8165.55,0.81,1936,1094.8,619.8,289.9,33.4,18.6,228.9,600.1,1036.5,2307.5,0
TASEFDSAIAQDK#,3,621.008569420082,616.999342753415,8.54,30.53,7728,7729,180.5,902.4,10,1871.16,0.78,430.8,252.3,171.6,81.9,25.5,5.9,40.6,134.2,225.7,502.7,0
TASEFDSAIAQDK#,3,621.008569420082,616.999342753415,8.33,30.56,7732,7733,900,2500,10,563.14,0.6,118.6,88.2,90.1,68.5,36.7,2.6,9.7,21.5,45.7,81.6,0
TASEFDSAIAQDK#,3,621.008569420082,616.999342753415,8.26,30.39,7711,7712,132,660,10,4974.24,0.78,1208.1,665.7,420.3,203.1,57.4,13.7,140.3,353.9,575.4,1336.3,0
TASEFDSAIAQDK#,3,621.008569420082,616.999342753415,7.89,30.63,7736,7737,466.8,2333.8,4,160.59,0.08,33.4,29.1,29.6,32,23.6,2.8,0,0,3.4,6.7,0
TASEFDSAIAQDK#,3,621.008569420082,616.999342753415,7.6,30.37,7707,7708,102.1,510.4,10,2597.22,0.62,635.2,350,222.9,126.2,39,10.9,76.3,180.5,292.9,663.2,0
TASEFDSAIAQDK#,3,621.008569420082,616.999342753415,7.43,30.34,7703,7704,127.3,636.6,10,1321.73,0.32,326.1,178.8,146.8,79.8,37.5,7.3,37.4,77.6,136,294.5,0
SFANQPLEVVYSK#,3,654.048587941092,650.039361274425,9.01,36.06,9237,9238,103.9,519.4,10,1770.63,0.8,397.6,228.8,144.9,64.4,11,3.9,44.8,129,237.2,509.1,0
SFANQPLEVVYSK#,3,654.048587941092,650.039361274425,8.93,36.08,9241,9242,115.6,578.1,10,1473.21,0.81,362.9,189.4,107.1,54.3,14.3,2.8,36,107.8,194.4,404.1,0
SFANQPLEVVYSK#,3,654.048587941092,650.039361274425,8.88,36.04,9233,9234,85.9,429.4,10,1779.79,0.8,435.1,227.7,154.7,67.2,11.8,5.9,47.5,132.7,216.3,481,0
SFANQPLEVVYSK#,3,654.048587941092,650.039361274425,8.75,36.1,9245,9246,205.5,1027.6,10,1578.86,0.82,371.8,205.9,134.7,56.8,16.3,2.6,36.9,107.9,187.6,458.4,0
SFANQPLEVVYSK#,3,654.048587941092,650.039361274425,8.65,36.13,9249,9250,497.1,2485.3,10,683.31,0.77,165.2,97.8,65.1,58.4,31.8,3.7,16.4,33.2,64,147.6,0
SFANQPLEVVYSK#,3,654.048587941092,650.039361274425,8.36,36.02,9229,9230,69.3,346.7,10,1495.51,0.77,368.8,201.9,114.8,62.4,9.8,5,39.4,110.4,177.4,405.6,0
SFANQPLEVVYSK#,3,654.048587941092,650.039361274425,8.22,36.19,9253,9254,770.5,2500,5,120.51,0.13,25,21.9,21.5,28.9,23.3,0,0,0,0,0,0
SFANQPLEVVYSK#,3,654.048587941092,650.039361274425,7.64,35.94,9219,9221,89.5,447.7,7,446.94,0.16,106.5,57.6,38.7,26.7,10,0,12.5,29,53.4,112.4,0
SFANQPLEVVYSK#,3,654.048587941092,650.039361274425,7.49,35.88,9212,9214,152.1,760.5,8,243.53,0.09,55.8,38.8,36.1,32.1,16.4,2.5,5.4,8.1,12.5,36,0
SFANQPLEVVYSK#,3,654.048587941092,650.039361274425,7.3,36.62,9342,9343,230.6,1153.1,7,91.84,0.09,21.8,17.4,19.4,18.3,12.8,0,0,0,0,2.1,0
SFANQPLEVVYSK#,3,654.048587941092,650.039361274425,7.26,36.58,9338,9339,246.7,1233.7,9,183.44,0.3,36.6,32.2,40.2,33.8,22.8,0,1.8,0,4.1,11.9,0
SFANQPLEVVYSK#,3,654.048587941092,650.039361274425,7.19,36.55,9334,9335,195.4,977.1,9,320.81,0.35,80.6,49.3,45.2,34.5,18.5,0,6,12.1,24.8,49.7,0
SFANQPLEVVYSK#,3,654.048587941092,650.039361274425,7.05,36.52,9329,9330,156.2,781.1,6,199.18,0.18,44.6,31.7,26.7,23.3,18,0,4.5,9.6,13.4,27.5,0
SFANQPLEVVYSK#,3,654.048587941092,650.039361274425,7.04,36.43,9305,9306,197.5,987.5,6,114.84,0.12,25.7,20.5,19.4,18.5,14.8,0,0,0,3.5,12.5,0
SFANQPLEVVYSK#,3,654.048587941092,650.039361274425,6.82,36.93,9424,,24.5,,,,0,,,,,,,,,,,
IGDYAGIK#,2,657.913130683907,651.899290683907,9.32,31.6,7994,7995,66.3,331.4,10,6626.09,0.92,1626.6,878,511.2,236.3,0,11.5,193.2,467.2,824,1878.2,0
IGDYAGIK#,2,657.913130683907,651.899290683907,9.3,31.62,7999,8000,52.4,261.9,10,5502.99,0.92,1291.5,728.6,404.4,190.7,0,8.2,149.5,399.4,721.8,1608.8,0
IGDYAGIK#,2,657.913130683907,651.899290683907,9.26,31.59,7989,7990,55.1,275.7,10,5551.78,0.92,1371.1,737.5,430.5,195.1,0,10.7,159.3,404.3,692.5,1550.8,0
IGDYAGIK#,2,657.913130683907,651.899290683907,9.24,31.64,8004,8005,49.4,247.2,10,5173.68,0.92,1240.7,672.1,376.1,179.4,0,8.9,157.3,390.8,655.9,1492.5,0
IGDYAGIK#,2,657.913130683907,651.899290683907,9.19,31.65,8009,8010,50.2,251,10,4654.5,0.92,1126.5,606.1,372.1,167.3,22.5,4.8,122.9,321.3,592.6,1318.3,0
IGDYAGIK#,2,657.913130683907,651.899290683907,9.11,31.57,7985,7986,53.3,266.5,10,5863.75,0.92,1452.8,778,467.5,211.5,0,8.3,176,435.1,753,1581.6,0
IGDYAGIK#,2,657.913130683907,651.899290683907,9.09,31.67,8014,8015,76.1,380.4,10,5330.41,0.9,1231,727.6,421.9,204,49.9,6.6,144,378.2,694.4,1472.7,0
IGDYAGIK#,2,657.913130683907,651.899290683907,9,31.69,8019,8020,67.1,335.3,10,4120.94,0.89,922.6,548.2,391.8,210.4,71.6,6.8,109.9,278.1,479.5,1102,0
IGDYAGIK#,2,657.913130683907,651.899290683907,8.82,31.71,8024,8025,92,460.1,10,4325.6,0.85,910.6,636.3,535.6,355.9,186.7,9.1,91.6,228.1,428.5,943.3,0
IGDYAGIK#,2,657.913130683907,651.899290683907,8.64,31.55,7981,7982,71.3,356.3,10,6419.81,0.88,1607.1,854.5,488.2,221.4,0,12.8,182.6,473.7,822.1,1757.4,0
IGDYAGIK#,2,657.913130683907,651.899290683907,8.61,31.73,8030,8031,114.3,571.6,10,4216.56,0.75,827,680.9,783,636.7,406.1,10.2,48.7,117.5,225.7,480.8,0
IGDYAGIK#,2,657.913130683907,651.899290683907,8.38,31.75,8035,8036,42.8,214.2,9,2436.01,0.8,456.9,468.9,536.3,470.1,314.4,3.1,10.4,28,48.5,99.4,0
IGDYAGIK#,2,657.913130683907,651.899290683907,7.98,31.53,7977,7978,133.9,669.7,10,6476.28,0.73,1648.8,858.4,531.6,247.8,0,9.2,178.8,471.7,787,1743,0
IGDYAGIK#,2,657.913130683907,651.899290683907,7.92,31.5,7973,7974,120.1,600.6,8,2862.97,0.75,748.3,394.7,231.9,112.2,16.3,3.6,79.3,215.7,348.7,712.2,0
IGDYAGIK#,2,657.913130683907,651.899290683907,7.62,32.28,8217,8218,225.9,1129.7,10,1605.52,0.48,342.9,266.9,259.3,217.4,103.8,8.5,28.4,56.6,109.2,212.6,0
IGDYAGIK#,2,657.913130683907,651.899290683907,7.55,32.31,8221,8222,236.7,1183.3,9,2656.12,0.1,541.7,541.7,632.1,557.5,244.8,11.6,11.6,18.1,23.1,73.9,0
IGDYAGIK#,2,657.913130683907,651.899290683907,7.48,32.25,8213,8214,173.2,866.1,10,1170.7,0.64,255.1,159.5,134.2,103.6,50.3,7.1,24.1,60,112.1,264.6,0
IGDYAGIK#,2,657.913130683907,651.899290683907,7.37,32.35,8226,8228,114.4,572.2,2,160.75,0.02,34.2,30.7,32.7,35.8,14.6,0,0,0,3.9,8.7,0
IGDYAGIK#,2,657.913130683907,651.899290683907,7.19,32.23,8209,8210,123.2,616.2,9,738.66,0.57,169.5,111.3,90.7,57.7,33.7,8.2,19.1,27.7,69.8,150.9,0
IGDYAGIK#,2,657.913130683907,651.899290683907,7.11,31.47,7968,7969,194.7,973.6,8,965.63,0.16,239.3,142.5,108.9,79,39.7,4.9,19.5,57.1,91.5,183.3,0
IGDYAGIK#,2,657.913130683907,651.899290683907,7.11,32.2,8205,8206,171.3,856.7,7,488.48,0.52,114.4,65.6,54.5,38.1,15.1,0,10.8,31.7,46.8,111.5,0
ELGQSGVDTYLQTK#,3,673.050657134175,669.041430467509,9.23,32.41,8236,8237,71.1,355.3,10,1139.34,0.87,279.4,146.6,84.2,40.4,7.4,0,34.7,86.7,142.5,317.4,0
ELGQSGVDTYLQTK#,3,673.050657134175,669.041430467509,9.22,32.42,8240,8241,66.9,334.5,10,958.1,0.88,247.9,123.2,77.3,38.7,3.8,0,19.4,63.9,119,265,0
ELGQSGVDTYLQTK#,3,673.050657134175,669.041430467509,9.2,32.44,8244,8245,161.3,806.3,10,1625.5,0.85,379.6,215.7,125,63.5,10.8,4.3,45,111.6,203.5,466.4,0
ELGQSGVDTYLQTK#,3,673.050657134175,669.041430467509,9.06,32.47,8248,8249,195.5,977.4,10,1134.12,0.8,260.1,158.6,99.6,50.7,18,0,28.2,74.8,134.4,309.7,0
ELGQSGVDTYLQTK#,3,673.050657134175,669.041430467509,8.99,32.39,8232,8233,102.1,510.7,10,1554.94,0.89,404.2,203.9,123.1,59.8,7.4,3.5,42.6,96.4,190.2,423.8,0
ELGQSGVDTYLQTK#,3,673.050657134175,669.041430467509,8.85,32.5,8252,8253,313.8,1569,10,544.42,0.72,130.5,76.6,60.5,39.3,22.4,4.5,11.2,31.8,50,117.6,0
ELGQSGVDTYLQTK#,3,673.050657134175,669.041430467509,8.45,32.54,8256,8257,374.1,1870.4,10,320.53,0.25,64.9,54.7,63.1,59.4,43.5,7.1,3.3,3,5.3,16.2,0
ELGQSGVDTYLQTK#,3,673.050657134175,669.041430467509,8.25,32.35,8227,8229,177.2,886.2,10,2087.15,0.86,517.4,275.3,172.6,85.7,10.8,4.3,54.2,154,264.9,547.8,0
ELGQSGVDTYLQTK#,3,673.050657134175,669.041430467509,7.63,32.78,8300,8301,216.6,1083.1,8,140.12,0.13,25,27.5,28.8,29.8,18.9,0,0,2.3,2.3,5.4,0
ELGQSGVDTYLQTK#,3,673.050657134175,669.041430467509,7.59,32.81,8305,,209.8,,,,0,,,,,,,,,,,
ELGQSGVDTYLQTK#,3,673.050657134175,669.041430467509,7.46,32.75,8294,8295,175.2,876.2,10,233.85,0.13,48.1,38.6,46.9,40,25,4.1,3.9,3.4,8,15.8,0
ELGQSGVDTYLQTK#,3,673.050657134175,669.041430467509,7.34,32.72,8290,8291,223.6,1117.9,10,355.28,0.13,75.8,53.8,62.2,55,37.9,5.8,5.1,9.8,16.5,33.4,0
ELGQSGVDTYLQTK#,3,673.050657134175,669.041430467509,7.13,32.68,8285,8286,257.6,1288.1,7,204.1,0.13,38.9,37.6,37.9,33.7,25.5,3.9,3.7,3.6,7.5,11.8,0
ELGQSGVDTYLQTK#,3,673.050657134175,669.041430467509,6.79,33.05,8399,8400,174.8,873.8,1,0,0.55,0,0,0,0,0,0,0,0,0,0,0
ELGQSGVDTYLQTK#,3,673.050657134175,669.041430467509,6.58,30.76,7757,7759,280.8,1404,9,209.94,0.17,39,37.9,45.2,41.3,29.3,3.2,2.1,2.2,2.7,7.2,0
GLILVGGYGTR$,2,675.914368184272,672.907448184272,9.39,35.66,9178,9180,62.9,314.7,8,1725.54,0.57,411.7,227,137.3,67.3,13.7,0,43.3,119.3,215.3,490.6,0
GLILVGGYGTR$,2,675.914368184272,672.907448184272,9.36,35.61,9171,9173,76.3,381.5,8,3068.5,0.56,730.8,397.8,255,121.6,19.4,4.2,75.4,212,384.1,868.1,0
GLILVGGYGTR$,2,675.914368184272,672.907448184272,9.17,35.71,9185,9187,171.9,859.7,8,574.23,0.54,126.2,71.4,63.4,38.8,19.2,0,14.2,34.7,66.7,139.5,0
GLILVGGYGTR$,2,675.914368184272,672.907448184272,8.9,35.6,9166,9167,41.8,209,8,2183.7,0.56,521.8,293.1,182.8,89.1,21.4,4.3,58.5,141.7,279.3,591.6,0
GLILVGGYGTR$,2,675.914368184272,672.907448184272,8.4,35.75,9192,9194,172.1,860.6,8,225.36,0.19,50.8,40.2,35.1,29.4,20.2,2.6,4,5.7,10.7,26.6,0
GLILVGGYGTR$,2,675.914368184272,672.907448184272,7.91,35.54,9162,9163,250.8,1254.2,8,4259.37,0.59,1046.7,563.7,343.5,137.1,17.7,5.4,128,329.7,531.4,1156.1,0
GLILVGGYGTR$,2,675.914368184272,672.907448184272,7.86,37.38,9581,9582,900,2500,3,100.25,0.02,26.2,17.4,23.6,20.1,13,0,0,0,0,0,0
GLILVGGYGTR$,2,675.914368184272,672.907448184272,7.85,35.5,9158,9159,269.9,1349.7,8,2307.23,0.53,553.2,305,206,100.6,25.8,6.5,71.6,142.2,268.9,627.3,0
GLILVGGYGTR$,2,675.914368184272,672.907448184272,7.79,37.3,9572,,45.1,,,,0,,,,,,,,,,,
GLILVGGYGTR$,2,675.914368184272,672.907448184272,7.6,37.31,9577,9578,900,2500,8,150.35,0.06,29.8,27.7,32.6,32.7,20.2,2.4,3,0,0,2.1,0
LSSEAPALFQFDLK#,3,682.067759566465,678.058532899799,9.23,41.59,10624,10625,492.9,2464.4,10,2268.46,0.73,523.8,271.8,187,94.1,24.6,7.5,73,203.9,285.7,597.1,0
LSSEAPALFQFDLK#,3,682.067759566465,678.058532899799,9.23,41.56,10620,10621,168.1,840.7,10,3004.94,0.75,669.3,337.2,248.9,92.3,10.2,8.8,99.3,275.2,406.9,856.9,0
LSSEAPALFQFDLK#,3,682.067759566465,678.058532899799,8.96,41.65,10628,10629,900,2500,10,605.86,0.32,136.9,72.1,68.2,47.9,26.7,3.2,17.6,46.1,63.9,123.2,0
LSSEAPALFQFDLK#,3,682.067759566465,678.058532899799,8.34,41.53,10616,10617,153.6,768.2,10,3452.44,0.74,774.7,392.4,286.4,110.6,8,9.3,119.4,310.5,466.1,975,0
LSSEAPALFQFDLK#,3,682.067759566465,678.058532899799,7.65,41.71,10632,10633,285.7,1428.7,10,233.09,0.11,60.1,29.3,31.3,22,14.3,0,5.6,13.1,20,37.4,0
LSSEAPALFQFDLK#,3,682.067759566465,678.058532899799,7.21,41.75,10636,10637,246.4,1232.2,9,217.74,0.05,55.4,25.4,27.3,26.2,9.2,0,3,11,14.6,45.7,0
LSSEAPALFQFDLK#,3,682.067759566465,678.058532899799,7.11,41.42,10604,10605,214,1070.1,10,294.71,0.18,71.1,50.2,47,49.7,27.5,0,4.2,8.7,9.2,27.1,0
LSSEAPALFQFDLK#,3,682.067759566465,678.058532899799,7.07,41.83,10644,10645,546,2500,9,171.37,0.11,36.8,31.4,36.7,29.4,19.1,0,2.5,2.6,3.3,9.5,0
LSSEAPALFQFDLK#,3,682.067759566465,678.058532899799,7.05,41.79,10640,10641,274,1370.1,10,207.99,0.1,46.2,26.1,28.9,23.4,19.5,2.5,5.3,12.3,13,30.7,0
LSSEAPALFQFDLK#,3,682.067759566465,678.058532899799,7.04,41.22,10573,10574,558.2,2500,2,60.94,0.04,14.1,10.1,10.5,14.7,11.5,0,0,0,0,0,0
LSSEAPALFQFDLK#,3,682.067759566465,678.058532899799,7,41.45,10608,10609,336.3,1681.3,10,1594.64,0.3,352.3,205.6,176,118.3,52.3,2.8,46.8,108,190.9,341.5,0
LSSEAPALFQFDLK#,3,682.067759566465,678.058532899799,6.96,41.38,10600,10601,259.3,1296.4,10,522.63,0.03,111.7,72.9,95.1,89.8,55.2,10.7,9,13.1,25.6,39.6,0
LSSEAPALFQFDLK#,3,682.067759566465,678.058532899799,6.95,41.5,10612,10613,233.4,1167.2,10,3649.5,0.66,825.9,433.1,299.7,128.2,26.1,8.5,116.2,329.8,488.7,993.4,0
LSSEAPALFQFDLK#,3,682.067759566465,678.058532899799,6.91,41.17,10569,10570,419,2095.1,10,346.77,0.19,74.2,54.5,65.1,58.2,52.7,8,8.2,2.3,8.6,14.9,0
LSSEAPALFQFDLK#,3,682.067759566465,678.058532899799,6.68,41.1,10565,10566,752.8,2500,5,136.52,0.08,36,20.9,23,18,11.9,2.7,2.2,0,6.5,15.3,0
LSSEAPALFQFDLK#,3,682.067759566465,678.058532899799,6.65,41.89,10648,10649,900,2500,4,154.32,0.09,38.6,21.2,36.6,33.1,22.5,2.3,0,0,0,0,0
LSSEAPALFQFDLK#,3,682.067759566465,678.058532899799,6.37,41.33,10592,10593,202.2,1010.9,1,1.95,0.24,0,0,0,0,2,0,0,0,0,0,0
LSSEAPALFQFDLK#,3,682.067759566465,678.058532899799,6.32,41.02,10553,10554,603.7,2500,9,290.68,0.04,66.7,45.7,53.3,55.7,37.4,4.5,4.1,5,6.9,11.2,0
LSSEAPALFQFDLK#,3,682.067759566465,678.058532899799,6.26,41.36,10596,10597,111.3,556.7,2,6.31,0.33,2.6,3.7,0,0,0,0,0,0,0,0,0
LSSEAPALFQFDLK#,3,682.067759566465,678.058532899799,6.22,41.09,10559,,219.2,,,,0,,,,,,,,,,,
NGFILDGFPR$,2,690.890893088062,687.883973088062,9.2,37.92,9738,9739,48.8,244.2,7,1764.74,0.87,395.8,221.9,156.9,58.7,6.2,4.7,47.8,134.9,210.1,527.9,0
NGFILDGFPR$,2,690.890893088062,687.883973088062,9.18,37.91,9734,9735,40.8,203.9,7,1916.48,0.89,437.2,236.7,157.6,68,5.5,2.1,50.3,151.2,230.1,577.9,0
NGFILDGFPR$,2,690.890893088062,687.883973088062,9.11,37.94,9742,9743,53.6,267.8,7,1463.02,0.87,330.3,167,117.1,55.2,5.5,0,40.4,110.8,194.7,442,0
NGFILDGFPR$,2,690.890893088062,687.883973088062,9.05,37.89,9730,9731,80.1,400.7,7,3357.75,0.87,776.9,419.2,259.7,111.8,9.4,4.9,86.7,265.1,418.2,1005.9,0
NGFILDGFPR$,2,690.890893088062,687.883973088062,8.98,37.95,9746,9747,113.7,568.7,7,1624.54,0.86,377.3,192,135.3,58.3,13,3.5,39.7,134.4,200.4,470.5,0
NGFILDGFPR$,2,690.890893088062,687.883973088062,8.75,37.97,9750,9751,212.2,1061.2,7,1346.63,0.8,308.6,166.4,125,68.2,18.1,5.1,28.3,98.8,154.6,373.4,0
NGFILDGFPR$,2,690.890893088062,687.883973088062,8.72,37.87,9726,9727,76.6,383.1,7,3058.03,0.87,714.4,368.5,253.7,102,8.1,3.8,85.1,259.1,372.7,890.7,0
NGFILDGFPR$,2,690.890893088062,687.883973088062,8.62,38.01,9754,9755,544.5,2500,7,864.61,0.47,184.9,137,137.1,109.9,67.4,8.6,14.7,39.2,47.9,117.9,0
NGFILDGFPR$,2,690.890893088062,687.883973088062,8.08,37.85,9722,9723,118.4,592.2,7,3253.32,0.84,738.9,404.8,274.9,122.1,5.7,6.9,88.3,262,404.5,945.3,0
NGFILDGFPR$,2,690.890893088062,687.883973088062,7.93,38.07,9758,9759,455,2275.1,4,106.3,0.07,22.2,17.4,24.5,18,16.7,0,0,0,2.7,4.8,0
NGFILDGFPR$,2,690.890893088062,687.883973088062,7.34,37.81,9717,9718,196.6,982.8,7,2072.75,0.73,471.5,253.7,182.8,91,12.6,4.2,53,167.3,243.1,593.5,0
NGFILDGFPR$,2,690.890893088062,687.883973088062,7.17,37.79,9713,9714,125.6,628,6,366.69,0.4,81.3,51.4,37.1,29.1,14.2,0,10,21.6,37.6,84.4,0
SAAGAFGPELSR$,2,704.388714535837,701.381794535837,9.16,28.97,7430,7431,113.2,566,8,3532.01,0.76,780.9,495.5,277.4,135.4,14.4,5.3,111.6,242.6,419.1,1049.8,0
SAAGAFGPELSR$,2,704.388714535837,701.381794535837,9.16,28.95,7426,7427,74,370.2,8,2821.87,0.77,699.8,403.5,198.6,96.1,9.2,0,86,177.4,333.2,818.1,0
SAAGAFGPELSR$,2,704.388714535837,701.381794535837,9.11,28.99,7434,7435,101.9,509.6,8,2656.22,0.75,618.4,367.7,188,111.5,19.7,4.4,73.4,164.6,317.2,791.3,0
SAAGAFGPELSR$,2,704.388714535837,701.381794535837,9.06,28.93,7422,7423,79.4,397.1,8,3259.89,0.77,760.9,455.1,236.6,112.8,12.1,4.5,97.2,216.4,384.4,979.9,0
SAAGAFGPELSR$,2,704.388714535837,701.381794535837,8.96,29.01,7438,7439,78.6,393.2,8,1736.07,0.74,394.9,240.8,143.5,70.6,10.9,2.1,50.4,109.3,212.8,500.6,0
SAAGAFGPELSR$,2,704.388714535837,701.381794535837,8.88,28.91,7418,7419,89.2,445.8,8,3166.33,0.77,749.5,460.8,228,109.1,10.7,4.4,94,205.8,366.7,937.3,0
SAAGAFGPELSR$,2,704.388714535837,701.381794535837,8.82,29.03,7442,7443,173.9,869.7,8,1998.61,0.73,430.9,302.8,170.5,95.4,23.9,4.8,54.9,125.8,234.3,555.4,0
SAAGAFGPELSR$,2,704.388714535837,701.381794535837,8.66,29.06,7446,7447,138.8,694,7,808.97,0.74,175.6,119.8,72.5,51.5,23.3,2.5,22.2,44.9,92.3,204.3,0
SAAGAFGPELSR$,2,704.388714535837,701.381794535837,8.29,28.88,7414,7415,173.1,865.4,8,4050.5,0.76,964.8,582.4,291.6,136.7,0,5.2,115.2,270.4,497.4,1186.8,0
SAAGAFGPELSR$,2,704.388714535837,701.381794535837,8.29,29.08,7450,7451,704.1,2500,7,673.91,0.63,125.8,106.4,123.9,96.8,69,5.5,14,17,38.9,76.6,0
SAAGAFGPELSR$,2,704.388714535837,701.381794535837,8.09,29.32,7466,7467,330.3,1651.4,7,341.85,0.48,59.7,60.3,73.8,70.3,37.9,3.6,2.7,3.9,8,21.6,0
SAAGAFGPELSR$,2,704.388714535837,701.381794535837,8,29.25,7462,7463,830.4,2500,8,1452.28,0.71,317.2,218.6,174.2,110.6,57.7,3.8,38.7,65,139.1,327.3,0
SAAGAFGPELSR$,2,704.388714535837,701.381794535837,7.73,29.14,7454,7455,461.6,2307.9,7,1591.96,0.35,327,253,245.9,183.1,117.9,6.4,25.3,60.6,106.9,265.8,0
SAAGAFGPELSR$,2,704.388714535837,701.381794535837,7.67,29.57,7515,7516,802,2500,8,428.24,0.17,66.2,70.4,99.7,77.7,65.3,5.1,5.6,4.7,6.6,27,0
SAAGAFGPELSR$,2,704.388714535837,701.381794535837,7.28,29.52,7511,7512,325.7,1628.6,6,304.15,0.15,58.7,51.5,63.8,47.1,37.6,3.9,3.5,4.9,7.2,25.9,0
SAAGAFGPELSR$,2,704.388714535837,701.381794535837,7.22,29.63,7519,7520,137.9,689.3,4,61.67,0.26,11.6,9,7.7,12.4,7.5,0,0,0,2.8,10.6,0
SAAGAFGPELSR$,2,704.388714535837,701.381794535837,7.15,29.2,7458,7459,381.9,1909.4,8,2275.24,0.63,505,347.4,234.3,148.4,74.3,4.9,54.9,122,220.9,563,0
SAAGAFGPELSR$,2,704.388714535837,701.381794535837,6.93,29.46,7507,7508,900,2500,5,329.54,0.05,67.2,66.1,60.4,56.5,43.7,0,2.4,2.8,7.9,22.6,0
SAAGAFGPELSR$,2,704.388714535837,701.381794535837,6.9,28.46,7306,7307,444.4,2222.2,7,460.73,0.29,85.9,90.5,89.7,77.7,44.6,3.9,4.4,8.3,16.7,39.1,0
SAAGAFGPELSR$,2,704.388714535837,701.381794535837,6.86,28.85,7410,7411,196.6,982.8,8,3324.04,0.75,776.5,461.7,238,128.7,0,5.6,105.9,236.4,399.2,972.1,0
SAAGAFGPELSR$,2,704.388714535837,701.381794535837,6.82,28.4,7301,7302,737.4,2500,8,857.91,0.14,135.2,162,192.2,152.2,113.1,6.2,8,12.7,20.5,55.8,0
SAAGAFGPELSR$,2,704.388714535837,701.381794535837,6.81,29.66,7523,7524,256.4,1282.1,4,290.42,0.11,58.5,50,56.8,56.3,39,2.7,2.8,4.6,5.5,14.4,0
SAAGAFGPELSR$,2,704.388714535837,701.381794535837,6.75,28.52,7310,7311,239.3,1196.4,3,49.13,0.23,9.6,9.9,11.7,10.3,5.1,0,0,0,0,2.4,0
SAAGAFGPELSR$,2,704.388714535837,701.381794535837,6.64,28.79,7406,7407,558.1,2500,8,1824.49,0.51,410.6,274.7,156.7,98,38.1,8,55.6,107.1,189.1,486.5,0
