Peptide,Charge,TriggerMZ,TargetMZ,MS1TriggerIntensity,MS2RetentionTime,MS2ScanNumber,MS3ScanNumber,MS2InjectionTime,MS3InjectionTime,MS3SPSIons,MS3SumSN,MS3IS,MS3Quant1,MS3Quant2,MS3Quant3,MS3Quant4,MS3Quant5,MS3Quant6, MS3Quant7, MS3Quant8, MS3Quant9, MS3Quant10, MS3Quant11
HVLTSIGEK#,3,487.9781048,483.9688782,8.59,27.32,6886,6887,20.2,101.1,2,277.39,0.62,58.8,39.5,23.6,10.2,5.5,0,5.3,16,35,83.6,0
HVLTSIGEK#,3,487.9781048,483.9688782,8.54,27.33,6890,6891,25.7,128.4,2,299.05,0.61,67.3,44.6,25.1,12,3.8,0,6.4,15.4,35.5,88.9,0
HVLTSIGEK#,3,487.9781048,483.9688782,8.51,27.31,6882,6883,20.3,101.3,2,301.62,0.63,74,45.8,23.9,11.1,6,0,13,15.1,26.6,86,0
HVLTSIGEK#,3,487.9781048,483.9688782,8.47,27.34,6894,6895,21.8,108.9,2,248.8,0.62,55,39,21.7,9.3,0,0,10,14.9,27.1,71.8,0
HVLTSIGEK#,3,487.9781048,483.9688782,8.46,27.29,6878,6879,20.1,100.7,2,274.96,0.61,64,44.2,24.2,12.3,6.7,0,7.1,13.1,31.2,72,0
HVLTSIGEK#,3,487.9781048,483.9688782,8.37,27.36,6898,6899,25.8,128.8,2,237.6,0.62,54.1,33.4,15.9,10.3,0,0,4.4,13.7,30,75.8,0
HVLTSIGEK#,3,487.9781048,483.9688782,8.3,27.37,6902,6903,24.6,123,2,208.5,0.64,44.9,27.4,21.2,8.9,0,0,4,11.2,25.5,65.5,0
HVLTSIGEK#,3,487.9781048,483.9688782,8.28,27.38,6906,6907,67.8,339,2,243,0.63,49.5,38.6,22.7,19.5,4.6,0,5.8,8.4,25,68.8,0
HVLTSIGEK#,3,487.9781048,483.9688782,8.24,27.28,6874,6875,23.2,116.2,2,317.04,0.59,79.2,39.8,28.3,15.4,14.5,0,5.7,18.6,31.6,84.1,0
HVLTSIGEK#,3,487.9781048,483.9688782,7.99,27.26,6870,6871,32.6,163.1,2,298.72,0.61,68.1,42.4,28,22.2,14.4,0,6.2,10.2,30.5,76.5,0
HVLTSIGEK#,3,487.9781048,483.9688782,7.99,27.4,6910,6911,101.9,509.3,2,206.22,0.59,43.5,27,24.7,15.7,10.9,0,5.1,10.3,18.1,51,0
HVLTSIGEK#,3,487.9781048,483.9688782,7.95,27.25,6866,6867,56.3,281.3,2,275.85,0.56,63.8,39.8,27.9,20.2,17,0,8.2,14.8,23.7,60.4,0
DIPVPKPK#,3,536.3681809,530.3543409,9.6,29.84,7466,7467,28.8,143.9,2,4459.72,0.89,1041.3,612,329,148.2,9.4,6.7,137.8,314.9,571.5,1289.1,0
DIPVPKPK#,3,536.3681809,530.3543409,9.56,29.81,7458,7459,69.3,346.3,2,6246.74,0.88,1488.3,800.7,487.1,233.9,0,9,188.8,462.7,812.2,1764,0
DIPVPKPK#,3,536.3681809,530.3543409,9.54,29.86,7470,7471,31.8,159.2,2,4511.16,0.89,1070.2,577.9,339.3,145.4,10.8,5.8,138.7,330.1,572.6,1320.4,0
DIPVPKPK#,3,536.3681809,530.3543409,9.53,29.83,7462,7463,39.5,197.4,2,5430.49,0.88,1324,717.1,399.3,188.6,0,11.1,169.3,401.6,702.9,1516.5,0
DIPVPKPK#,3,536.3681809,530.3543409,9.48,29.87,7474,7475,34.2,170.9,2,4182.15,0.89,976.6,548.5,325.7,140.8,11.7,5.3,113.3,305.6,534,1220.6,0
DIPVPKPK#,3,536.3681809,530.3543409,9.48,29.79,7454,7455,38.1,190.5,2,4949.63,0.88,1204.6,671.5,387.7,162.1,0,10.1,163.1,354.5,620.1,1375.9,0
DIPVPKPK#,3,536.3681809,530.3543409,9.46,29.89,7478,7479,35.1,175.7,2,3946.83,0.89,918.7,508.2,294.5,136.6,9.1,7.3,110.4,289.4,497.2,1175.4,0
DIPVPKPK#,3,536.3681809,530.3543409,9.35,29.92,7486,7487,48.1,240.4,2,3252.25,0.87,747.8,422,241.5,113.7,12.6,5.9,96.9,230.3,419.7,961.9,0
DIPVPKPK#,3,536.3681809,530.3543409,9.32,29.9,7482,7483,42.6,213.1,2,3778.86,0.88,864.4,484.6,284.6,140.2,10.5,8.3,106.4,277.2,476.8,1126,0
DIPVPKPK#,3,536.3681809,530.3543409,9.31,29.78,7450,7451,52.5,262.3,2,5600.43,0.88,1343.5,760,437.8,188.3,0,8.5,178.1,406.5,697.4,1580.3,0
DIPVPKPK#,3,536.3681809,530.3543409,9.1,29.93,7490,7491,159.1,795.7,2,4508.35,0.85,1002.9,595.9,314.6,148.3,12.3,4.7,125.1,325.3,579.7,1399.3,0
DIPVPKPK#,3,536.3681809,530.3543409,8.75,29.76,7446,7447,65.9,329.5,2,5613.97,0.87,1386.7,784.8,459.1,206.2,0,7.9,164.9,405.2,689.4,1509.8,0
DIPVPKPK#,3,536.3681809,530.3543409,8.68,29.73,7442,7443,174.5,872.4,2,6028.94,0.84,1501.5,785,519.8,218.3,0,11.4,187.5,441.3,753.4,1610.8,0
GISNEGQNASIK#,3,565.9981162,561.9888895,9.23,24.67,6153,6154,72.1,360.5,2,5742.74,0.63,1175.4,854.1,351.6,175.1,0,8.7,168.7,370.2,673.2,1965.5,0
GISNEGQNASIK#,3,565.9981162,561.9888895,9.19,24.66,6149,6150,62.9,314.7,2,5337.86,0.64,1119,768.6,340.7,179.2,6.2,5.5,150.9,352.7,633.5,1781.6,0
GISNEGQNASIK#,3,565.9981162,561.9888895,9.07,24.69,6157,6158,89.3,446.5,2,5675.42,0.63,1152.3,839.5,363.5,174.8,5.7,5.1,164.5,367.3,659.8,1943,0
GISNEGQNASIK#,3,565.9981162,561.9888895,9.06,24.63,6145,6146,87.6,438.1,2,6593.57,0.63,1385.8,963.2,448.8,223.6,8.8,0,203,427.1,777.4,2155.9,0
GISNEGQNASIK#,3,565.9981162,561.9888895,9.01,24.71,6161,6162,79,395.1,2,3865.45,0.64,783,552.9,251.5,123.3,5.4,4.3,110.3,256.2,461.9,1316.5,0
GISNEGQNASIK#,3,565.9981162,561.9888895,8.89,24.73,6165,6166,134.4,671.8,2,3863.61,0.63,760.4,532.6,264.6,120.7,10.5,4.6,121.4,239.1,473.1,1336.5,0
GISNEGQNASIK#,3,565.9981162,561.9888895,8.67,24.61,6141,6142,98,489.9,2,7234.2,0.64,1506,1059.5,498.1,238.8,10.9,9.3,224.1,469.3,860.2,2357.9,0
GISNEGQNASIK#,3,565.9981162,561.9888895,8.63,24.76,6169,6170,120.1,600.5,2,1609.22,0.62,329.2,228.1,109.1,48.7,8.2,0,45.1,101.2,180.6,558.9,0
GISNEGQNASIK#,3,565.9981162,561.9888895,8.45,24.59,6137,6138,117,584.8,2,6031.1,0.62,1296.2,895.3,426.6,190.4,8.4,9.6,177.4,398.7,687.5,1941.1,0
GISNEGQNASIK#,3,565.9981162,561.9888895,8.25,24.78,6173,6174,231.2,1156,2,612.55,0.57,118.4,84.7,49.8,22.6,11.8,0,18.4,34.5,78,194.4,0
ELASGLSFPVGFK#,3,610.7026406,606.6934139,9.31,40.18,10262,10263,121,604.8,2,2641.64,0.88,625.5,344.4,200.9,81.4,2.7,4.7,69.9,204.3,332.2,775.6,0
ELASGLSFPVGFK#,3,610.7026406,606.6934139,9.3,40.2,10266,10267,111.3,556.6,2,2106.86,0.88,513.8,266.6,171.6,64.1,6.1,4,59.7,157.4,270.8,592.9,0
ELASGLSFPVGFK#,3,610.7026406,606.6934139,9.21,40.23,10270,10271,166.6,833.2,2,2190.43,0.88,515.4,289.5,162.9,74.6,7,0,58,159.2,266.8,656.9,0
ELASGLSFPVGFK#,3,610.7026406,606.6934139,9.07,40.25,10274,10275,205.4,1026.8,2,2382.22,0.86,570.5,300.4,211.1,128.3,33.4,0,63.2,159.5,274.4,641.4,0
ELASGLSFPVGFK#,3,610.7026406,606.6934139,8.5,40.16,10258,10259,136.7,683.4,2,2975.33,0.88,724.5,374.8,231,92.8,4.9,4.7,79.4,234.9,367.3,861,0
ELASGLSFPVGFK#,3,610.7026406,606.6934139,7.36,40.11,10254,10255,301.9,1509.5,2,1511.66,0.85,368.6,184.3,118.3,50.9,3.6,4.3,45,125.1,195.8,415.7,0
SSAAPPPPPR$,2,611.3566861,608.3497661,8.16,19.44,4735,4736,900,2500,2,1828.35,0.78,224.4,246.2,83.4,43.5,3.5,0,32.7,66.2,115.8,1012.6,0
SSAAPPPPPR$,2,611.3566861,608.3497661,7.81,19.38,4731,4732,555.5,2500,2,3131.08,0.8,412.6,385.8,131.1,94.1,8.9,2.3,65.8,117.3,216.9,1696.3,0
SSAAPPPPPR$,2,611.3566861,608.3497661,7.8,19.51,4739,4740,900,2500,2,753.3,0.78,100,98.4,32,16.9,5.9,0,12.2,26,52.3,409.6,0
SSAAPPPPPR$,2,611.3566861,608.3497661,6.51,19.31,4727,4728,900,2500,2,3404.34,0.79,436.6,426.4,146.1,87.5,6.7,3.1,62.4,137.5,251.9,1846.2,0
GILFVGSGVSGGEEGAR$,3,613.0023513,610.997738,8.98,35.64,9041,9043,224.5,1122.3,2,790.85,0.8,191,107.5,60,36.5,7.1,0,17.1,50.4,112,209.3,0
GILFVGSGVSGGEEGAR$,3,613.0023513,610.997738,8.57,35.59,9034,9036,136.6,683.1,2,558.81,0.8,132.1,74.5,52.9,32.3,7.2,0,11.6,40.4,69.7,138.1,0
GILFVGSGVSGGEEGAR$,3,613.0023513,610.997738,7.79,35.55,9027,9029,153.2,766,2,601.65,0.8,148.3,91.7,52.6,28,12.7,2.2,12.7,41.4,64.5,147.5,0
GILFVGSGVSGGEEGAR$,3,613.0023513,610.997738,7.67,35.5,9020,9022,302.7,1513.7,2,707.72,0.7,168.5,96.6,69.3,32.9,14.1,3.3,19.4,42.7,79.7,181.2,0
LTILEELR$,2,616.3901946,613.3832746,9.57,39.83,10219,10220,150,749.9,2,2753.23,0.86,662.1,349.1,208.6,94.7,4.1,0,76.8,214.8,315.1,828,0
LTILEELR$,2,616.3901946,613.3832746,9.49,39.86,10223,10224,85.9,429.4,2,1867.4,0.86,442,228.8,138.2,59.3,0,2.6,51.7,147.6,230.3,567,0
LTILEELR$,2,616.3901946,613.3832746,9.39,39.88,10227,10228,183,915.2,2,1910.77,0.85,473.8,236.9,141.8,62,4.7,0,54.2,146.4,223.8,567.2,0
LTILEELR$,2,616.3901946,613.3832746,9.23,39.91,10231,10232,120.7,603.5,2,965.83,0.84,219.6,116.6,69.3,30,4.8,2,29.8,73.8,114.4,305.4,0
LTILEELR$,2,616.3901946,613.3832746,9.08,39.81,10215,10216,114.6,573.2,2,2749.81,0.85,670.6,359.3,219.4,95.6,0,0,76.4,194.2,340.1,794.2,0
LTILEELR$,2,616.3901946,613.3832746,8.86,39.93,10235,10236,251.2,1256.2,2,472.62,0.76,107.9,56.6,43,22.1,8.9,0,10.3,30.5,60,133.3,0
LTILEELR$,2,616.3901946,613.3832746,6.76,39.78,10211,10212,199.3,996.6,2,3187.32,0.84,803.1,419.6,255.1,98.4,4.3,5.4,87.8,231.9,362.8,918.9,0
TASEFDSAIAQDK#,3,621.0085694,616.9993428,8.91,30.33,7569,7570,92.3,461.7,2,1822.37,0.92,459.7,225.8,133.5,54,2.9,2.8,51.9,121.7,239,531.1,0
TASEFDSAIAQDK#,3,621.0085694,616.9993428,8.84,30.35,7573,7574,105.2,525.9,2,1460.93,0.92,367.9,186.3,99.2,44.3,2.5,0,41.1,101.1,188.7,429.9,0
TASEFDSAIAQDK#,3,621.0085694,616.9993428,8.76,30.37,7577,7578,137.4,686.9,2,2153.08,0.84,505.5,279.1,158.7,71.4,6.5,5.7,64.6,147.4,272.6,641.7,0
TASEFDSAIAQDK#,3,621.0085694,616.9993428,8.66,30.31,7565,7566,66.7,333.4,2,1891.4,0.92,455.8,264.7,148.3,57.7,4.4,3.4,50,133,242.1,532,0
TASEFDSAIAQDK#,3,621.0085694,616.9993428,8.56,30.39,7581,7582,316.2,1581.2,2,687.63,0.91,160.3,84.3,56.3,19.6,2.4,0,18.8,49.5,92.9,203.6,0
TASEFDSAIAQDK#,3,621.0085694,616.9993428,8.07,30.24,7561,7562,900,2500,2,8574.64,0.9,2071.7,1116.4,641.3,277.3,0,17.6,254.8,650.5,1109.3,2435.8,0
TASEFDSAIAQDK#,3,621.0085694,616.9993428,7.66,30.21,7557,7558,148.4,742,2,1473.87,0.83,382.8,198.2,117.7,53.7,4.9,0,45.3,110.9,176.8,383.6,0
TASEFDSAIAQDK#,3,621.0085694,616.9993428,7.64,30.19,7553,7554,100.6,503.1,2,354.89,0.44,92.1,50.7,27.5,15.9,0,0,10.5,20.9,39.9,97.5,0
SFANQPLEVVYSK#,3,654.0485879,650.0393613,8.73,35.97,9069,9070,141.3,706.6,2,1625.77,0.81,387.5,213.1,122.4,55.2,9.8,3.2,53.4,105.3,200.7,475.2,0
SFANQPLEVVYSK#,3,654.0485879,650.0393613,8.69,35.99,9073,9074,325.2,1626.2,2,1235.09,0.77,295.1,170.4,92.1,47.4,8.1,3.3,31.9,84,147.4,355.4,0
SFANQPLEVVYSK#,3,654.0485879,650.0393613,8.47,36.04,9077,9078,188.4,942,2,77.37,0.61,18.4,11.2,10.9,9.3,4.4,0,0,0,6.5,16.6,0
SFANQPLEVVYSK#,3,654.0485879,650.0393613,7.6,35.82,9056,9058,206.9,1034.7,2,2257.04,0.26,576.9,294.3,192,76.4,9,4.3,61.9,150.6,280.5,611.1,0
SFANQPLEVVYSK#,3,654.0485879,650.0393613,7.44,35.91,9063,9065,67.2,336,2,1085.03,0.82,266.1,135.4,82,30.5,2.2,0,24.6,80.5,143.1,320.6,0
IGDYAGIK#,2,657.9131307,651.8992907,9.37,31.46,7844,7845,53.7,268.7,2,4696.96,0.95,1141.2,626.8,325.5,151.5,0,4.6,137,354.5,607.9,1348.1,0
IGDYAGIK#,2,657.9131307,651.8992907,9.35,31.44,7839,7840,56.5,282.4,2,4494.97,0.95,1110.9,625.4,340.9,141.3,7,4.4,131.1,334.5,551.1,1248.4,0
IGDYAGIK#,2,657.9131307,651.8992907,9.3,31.47,7849,7850,43,215.1,2,3589.48,0.95,846.9,464.6,268.3,112.3,4.9,0,99.5,275,479.6,1038.3,0
IGDYAGIK#,2,657.9131307,651.8992907,9.28,31.42,7834,7835,42.9,214.4,2,4034.76,0.95,1016.6,530.9,306.1,124.7,7.4,4.3,111.6,287.8,537.4,1108,0
IGDYAGIK#,2,657.9131307,651.8992907,9.22,31.49,7854,7855,45.8,228.8,2,3280.87,0.95,777.5,420.4,244.7,101.5,9.6,3.3,90.7,258.1,426.5,948.6,0
IGDYAGIK#,2,657.9131307,651.8992907,9.15,31.5,7859,7860,63.7,318.5,2,3670.84,0.95,853,486.1,281.1,145.1,26,3,101.8,266.3,461.6,1046.7,0
IGDYAGIK#,2,657.9131307,651.8992907,9.11,31.41,7829,7830,47.5,237.3,2,4339.21,0.94,1067.8,588.5,323.4,126,4.2,5.6,110.9,328,557.7,1227.1,0
IGDYAGIK#,2,657.9131307,651.8992907,9.02,31.52,7864,7865,89.7,448.7,2,3844.08,0.95,858,538.6,352.5,211.9,77.8,4.9,99.3,242.8,439.2,1019.2,0
IGDYAGIK#,2,657.9131307,651.8992907,8.87,31.54,7869,7870,99.2,496.2,2,3527.91,0.95,744.5,531.9,480.4,341.6,201.9,5.1,67.6,163.4,311.4,680.1,0
IGDYAGIK#,2,657.9131307,651.8992907,8.64,31.57,7875,7876,63.6,318,2,2716.51,0.94,533,473.1,506.3,432.6,280.8,0,24,63.6,125.4,277.7,0
IGDYAGIK#,2,657.9131307,651.8992907,8.6,31.39,7825,7826,82.9,414.3,2,5047.71,0.92,1252.5,670.8,383.5,167.8,4.9,5.4,146.2,374.9,626.9,1414.8,0
IGDYAGIK#,2,657.9131307,651.8992907,8.47,31.58,7880,7881,61.6,308.1,2,2770.77,0.94,518.6,523.1,597.9,564.4,376,2.1,9.7,23.9,42.7,112.3,0
IGDYAGIK#,2,657.9131307,651.8992907,7.9,31.37,7821,7822,134.7,673.5,2,4437.92,0.71,1143.5,608.1,331.3,154.5,8.2,0,133.5,327.6,558.4,1172.8,0
IGDYAGIK#,2,657.9131307,651.8992907,7.05,31.34,7817,7818,147.1,735.4,2,2256.97,0.78,575.9,296.9,186.9,82.6,6.8,2.7,72,152.2,289.2,591.7,0
ELGQSGVDTYLQTK#,3,673.0506571,669.0414305,9.31,32.26,8085,8086,61.6,308.2,2,347.81,0.87,93.2,39.4,24.5,9.4,0,0,10.2,22,49.3,99.7,0
ELGQSGVDTYLQTK#,3,673.0506571,669.0414305,9.28,32.27,8089,8090,77.2,385.9,2,368.96,0.85,90.2,47.3,26.6,11.3,0,0,7.3,30.1,49,107.2,0
ELGQSGVDTYLQTK#,3,673.0506571,669.0414305,9.2,32.29,8093,8094,84.7,423.3,2,326.63,0.86,79.9,39.4,27.7,11.8,0,0,4.3,22.1,41.9,99.4,0
ELGQSGVDTYLQTK#,3,673.0506571,669.0414305,9.14,32.31,8097,8098,183,915.2,2,357.96,0.84,88.5,55.5,26,16.1,0,0,9.5,21.3,42.7,98.2,0
ELGQSGVDTYLQTK#,3,673.0506571,669.0414305,8.97,32.24,8081,8082,84.6,422.8,2,427.13,0.88,109.8,59.3,28.7,14.1,0,0,9.8,32.7,51.1,121.8,0
ELGQSGVDTYLQTK#,3,673.0506571,669.0414305,8.96,32.34,8101,8102,752.8,2500,2,163.95,0.82,41.3,21.7,18,7.9,2.2,0,2.7,7.3,15.5,47.3,0
ELGQSGVDTYLQTK#,3,673.0506571,669.0414305,7.55,32.21,8076,8078,85.6,428.1,2,1107.02,0.87,290.1,149.1,85.7,36,3.4,2.2,29.9,81.6,134.1,295,0
GLILVGGYGTR$,2,675.9143682,672.9074482,9.38,35.46,9012,9014,96.8,483.9,2,1934.17,0.83,475.8,257.7,134.4,64.2,4.6,2.9,53.2,143,246,552.3,0
GLILVGGYGTR$,2,675.9143682,672.9074482,9.38,35.5,9019,9021,58.4,291.9,2,1196.96,0.84,295.6,154,85.9,32.4,0,0,36.2,85.9,163.1,343.9,0
GLILVGGYGTR$,2,675.9143682,672.9074482,9.24,35.55,9026,9028,126.4,632.2,2,565.35,0.8,123.1,66.4,48.3,20.4,4.7,0,19.9,39,77.3,166.1,0
GLILVGGYGTR$,2,675.9143682,672.9074482,9.02,35.43,9005,9007,59.4,297.1,2,1761.65,0.88,441.8,222.6,138.4,59.9,1.9,3.5,48.7,132.5,227.7,484.7,0
GLILVGGYGTR$,2,675.9143682,672.9074482,7.92,35.4,9000,9001,198.3,991.6,2,2322.1,0.93,593.8,297.1,178.1,79.7,4.1,0,70.6,153,290.2,655.4,0
LSSEAPALFQFDLK#,3,682.0677596,678.0585329,9.28,41.47,10499,10500,324.4,1622,2,1256.74,0.82,280.8,136.4,105,46.6,6.3,4,35.7,113.2,166.5,362.1,0
LSSEAPALFQFDLK#,3,682.0677596,678.0585329,9.03,41.44,10495,10496,151.1,755.3,2,1902.72,0.86,430.8,213.5,141.3,59.3,5.4,3.5,58.4,180.8,262.7,547.1,0
LSSEAPALFQFDLK#,3,682.0677596,678.0585329,7.66,41.39,10491,10492,329.5,1647.4,2,4243.78,0.83,953.6,489.8,334.7,136.6,8.1,9.7,133.9,387.9,582.8,1206.6,0
NGFILDGFPR$,2,690.8908931,687.8839731,9.21,37.79,9596,9597,49.2,246.2,2,954.51,0.93,209.6,116.7,77.3,32,0,2,20,86.1,119.7,291.1,0
NGFILDGFPR$,2,690.8908931,687.8839731,9.16,37.77,9592,9593,47.1,235.3,2,1080.14,0.91,241.8,139.8,96.4,36.1,0,0,24.1,88.3,130.6,323.2,0
NGFILDGFPR$,2,690.8908931,687.8839731,9.09,37.8,9600,9601,64.8,323.8,2,953.47,0.91,212.9,113,75,31.1,0,2.5,20.6,73.4,120.9,304,0
NGFILDGFPR$,2,690.8908931,687.8839731,9.02,37.82,9604,9605,93.7,468.3,2,721.5,0.91,165.7,91.7,64.9,28.6,2.1,0,16.7,58.2,84.7,208.8,0
NGFILDGFPR$,2,690.8908931,687.8839731,8.86,37.84,9608,9609,115.2,576,2,507.32,0.85,116.6,55.6,44.9,17,3.4,0,10.6,41.8,64.4,153,0
NGFILDGFPR$,2,690.8908931,687.8839731,8.85,37.76,9588,9589,43.8,218.9,2,1096.34,0.92,254.7,134.5,82.1,38.1,0,0,28.9,88.2,143.5,326.4,0
NGFILDGFPR$,2,690.8908931,687.8839731,8.73,37.86,9612,9613,244.8,1224,2,415.05,0.75,95.2,48.7,38.9,21.1,8.4,0,10.8,30.3,51.3,110.3,0
NGFILDGFPR$,2,690.8908931,687.8839731,8.55,37.73,9584,9585,128,640,2,1866.26,0.91,437.5,236.8,150.2,62.4,2.2,3.4,44.6,147.5,227.3,554.3,0
NGFILDGFPR$,2,690.8908931,687.8839731,8.33,37.9,9616,9617,220.5,1102.7,2,108.49,0.49,27.2,15.9,15.2,13.7,5.8,0,0,2.1,8,20.6,0
NGFILDGFPR$,2,690.8908931,687.8839731,7.94,37.71,9580,9581,126.7,633.7,2,1246.51,0.91,287.1,146.2,99.7,50.3,2.9,0,34.7,97.8,157.6,370.3,0
SAAGAFGPELSR$,2,704.3887145,701.3817945,9.19,28.79,7278,7279,94.3,471.3,2,1467.57,0.67,348.1,211.8,99.7,45.4,0,0,41.6,97.5,180.3,443.1,0
SAAGAFGPELSR$,2,704.3887145,701.3817945,9.15,28.78,7274,7275,68.4,341.9,2,1271.56,0.68,315.8,170.3,85.8,39.9,0,0,34.3,78.4,160,387,0
SAAGAFGPELSR$,2,704.3887145,701.3817945,9.12,28.76,7270,7271,91.5,457.7,2,1585.64,0.66,362,226.7,105.8,52,2.5,0,42.9,111.4,204,478.4,0
SAAGAFGPELSR$,2,704.3887145,701.3817945,9.1,28.81,7282,7283,119.8,599,2,1353.03,0.67,323.2,183,83.7,38.7,0,2.2,38.7,96.1,162.6,424.8,0
SAAGAFGPELSR$,2,704.3887145,701.3817945,8.97,28.84,7286,7287,140.2,700.8,2,1122.09,0.66,266.5,158,70.9,40.8,2.8,0,29.2,70.5,135.7,347.6,0
SAAGAFGPELSR$,2,704.3887145,701.3817945,8.81,28.86,7290,7291,162.9,814.5,2,681.34,0.68,160.9,90.7,49.8,24.3,1.9,0,19,47.8,80.4,206.5,0
SAAGAFGPELSR$,2,704.3887145,701.3817945,8.22,28.74,7266,7267,63.3,316.4,2,1197.73,0.66,275.5,166.5,78.6,40.7,2.7,2.2,36.6,89.4,140.9,364.7,0
SAAGAFGPELSR$,2,704.3887145,701.3817945,7.22,28.68,7262,7263,455.2,2276.2,2,2468.28,0.67,562.8,340.9,179,84.3,4.8,1.8,76.6,174.4,306.4,737.3,0
